disease,raw_PRS,min_max_scaled
ALZHEIMERS,0.000000,0.500000
BREASTCANCER,0.000000,0.500000
CORONARYARTERYDISEASE,0.000000,0.500000
ENDOMETRIOSIS,0.000000,0.500000
HYPERTENSION,0.000000,0.500000
PROSTATECANCER,0.000000,0.500000
RHEUMATOIDARTHRITIS,0.000000,0.500000
TYPE1DIABETES,0.000000,0.500000
TYPE2DIABETES,0.000000,0.500000
